{"_step": 0, "what i like": 100, "_timestamp": 1578886973.9883611, "what is next": 66, "hoha": {"mean": 0.5157927593657945, "max": 0.9994859150431112, "75%": 0.7780284221618438, "10%": 0.11176604931460812, "min": 0.0004289343023947678, "var": 0.08459835042251018, "25%": 0.2694065416872896, "90%": 0.9108871127918363, "_type": "numpy.ndarray", "size": 784}, "_runtime": 2.5094292163848877}
