{"what is next": 66, "_runtime": 2.7402687072753906, "wandb image": {"size": 880, "width": 28, "caption": "1", "path": "media/images/wandb image_0_60daeb55.png", "height": 28, "format": "png", "sha256": "60daeb55f876fe7ac890b4c32c17df3e6c329fdf387c64e3f6c760e5080164a9", "_type": "image-file"}, "_step": 0, "image": {"size": 784, "mean": 0.5220222234616898, "90%": 0.9112088676401912, "min": 0.0002795501896905028, "10%": 0.11369929645451823, "25%": 0.26647631706004615, "max": 0.9998287836131421, "75%": 0.7731090826152486, "var": 0.08406810726908637, "_type": "numpy.ndarray"}, "what i like": 99, "list of w i": {"width": 28, "count": 2, "height": 28, "format": "png", "captions": ["1", "2"], "_type": "images"}, "_timestamp": 1578888762.2102566}
