iter	AUC
0	0.7926096396
1	0.803697561
2	0.8097822481
3	0.8118518898
4	0.8143434571
