{"list of w i": {"captions": ["1", "2"], "width": 28, "height": 28, "_type": "images", "format": "png", "count": 2}, "_timestamp": 1578887922.3542104, "_runtime": 2.797292709350586, "image": {"size": 784, "mean": 0.5161713965571152, "var": 0.0795909750492683, "75%": 0.7648697221811274, "_type": "numpy.ndarray", "10%": 0.1361202784200597, "max": 0.9991235786147413, "25%": 0.2720870432134553, "90%": 0.9067015741921167, "min": 0.00020541338084101302}, "what is next": 66, "wandb image": {"width": 28, "size": 880, "path": "media/images/wandb image_0_34c8343a.png", "height": 28, "_type": "image-file", "caption": "1", "sha256": "34c8343a443271a69219a8eaf34347b5d001ccf7c15413c64ddfb096f84aeae9", "format": "png"}, "what i like": 99, "_step": 0}
