{"_runtime": 2.5929317474365234, "wandb image": {"size": 880, "width": 28, "_type": "image-file", "caption": "1", "path": "media/images/wandb image_0_8abcc794.png", "format": "png", "height": 28, "sha256": "8abcc794bf54f027887d80a8cdaecf376668901f69527f7b6a50e67d62989e70"}, "what is next": 66, "_timestamp": 1578888281.135687, "what i like": 99, "_step": 0, "list of w i": {"width": 28, "count": 2, "_type": "images", "captions": ["1", "2"], "format": "png", "height": 28}, "image": {"max": 0.9954308325793471, "mean": 0.48064542659003867, "_type": "numpy.ndarray", "25%": 0.23636876050554317, "10%": 0.09204520382465853, "size": 784, "90%": 0.8915010508177921, "var": 0.08236732101359209, "min": 1.3016548827682328e-06, "75%": 0.7161563965528971}}
