{"list of w i": {"count": 2, "captions": ["1", "2"], "width": 28, "height": 28, "format": "png", "_type": "images"}, "_timestamp": 1578888045.9503052, "image": {"75%": 0.7733758359559032, "size": 784, "90%": 0.9176323916315561, "max": 0.9999195053372287, "10%": 0.09508862551388676, "var": 0.08813432823525316, "min": 0.00016870254373413385, "_type": "numpy.ndarray", "mean": 0.5095575446554352, "25%": 0.24599521381229475}, "_step": 0, "wandb image": {"path": "media/images/wandb image_0_52256f00.png", "caption": "1", "width": 28, "sha256": "52256f0033e407b76729f9698b68495e3e32c63e21ec198faf365d36ea8018dc", "height": 28, "size": 880, "format": "png", "_type": "image-file"}, "what is next": 66, "_runtime": 2.9350051879882812, "what i like": 99}
