{"Test Loss": 0.19062899932861327, "gradients/fc1.weight": {"bins": [-0.20280829071998596, -0.19535371661186218, -0.1878991425037384, -0.18044456839561462, -0.17298999428749084, -0.16553542017936707, -0.1580808460712433, -0.1506262570619583, -0.14317168295383453, -0.13571710884571075, -0.12826253473758698, -0.1208079606294632, -0.11335338652133942, -0.10589881241321564, -0.09844423085451126, -0.09098965674638748, -0.0835350826382637, -0.07608050107955933, -0.06862592697143555, -0.06117135286331177, -0.05371677875518799, -0.04626220464706421, -0.03880763053894043, -0.03135305643081665, -0.02389848232269287, -0.016443908214569092, -0.008989334106445312, -0.0015347450971603394, 0.00591982901096344, 0.01337440311908722, 0.020828977227211, 0.028283551335334778, 0.03573812544345856, 0.043192699551582336, 0.05064728856086731, 0.05810186266899109, 0.06555643677711487, 0.07301101088523865, 0.08046558499336243, 0.0879201591014862, 0.09537473320960999, 0.10282930731773376, 0.11028388142585754, 0.11773845553398132, 0.1251930296421051, 0.13264760375022888, 0.14010217785835266, 0.14755675196647644, 0.15501132607460022, 0.162465900182724, 0.16992047429084778, 0.17737504839897156, 0.18482962250709534, 0.19228419661521912, 0.19973880052566528, 0.20719337463378906, 0.21464794874191284, 0.22210252285003662, 0.2295570969581604, 0.23701167106628418, 0.24446624517440796, 0.25192081928253174, 0.2593753933906555, 0.2668299674987793, 0.2742845416069031], "values": [2.0, 0.0, 1.0, 4.0, 3.0, 5.0, 9.0, 11.0, 3.0, 17.0, 17.0, 27.0, 27.0, 39.0, 36.0, 53.0, 74.0, 123.0, 146.0, 204.0, 236.0, 311.0, 465.0, 612.0, 861.0, 1396.0, 2932.0, 5314.0, 886.0, 508.0, 362.0, 262.0, 226.0, 141.0, 108.0, 90.0, 82.0, 68.0, 64.0, 52.0, 39.0, 35.0, 35.0, 18.0, 20.0, 17.0, 11.0, 13.0, 9.0, 2.0, 6.0, 2.0, 5.0, 1.0, 4.0, 1.0, 2.0, 0.0, 0.0, 1.0, 0.0, 0.0, 0.0, 2.0], "_type": "histogram"}, "gradients/fc2.bias": {"bins": [-0.033271919935941696, -0.032305121421813965, -0.031338322907686234, -0.030371524393558502, -0.02940472587943077, -0.02843792736530304, -0.027471128851175308, -0.026504330337047577, -0.025537531822919846, -0.024570733308792114, -0.023603934794664383, -0.02263713628053665, -0.02167033776640892, -0.02070353925228119, -0.019736740738153458, -0.018769942224025726, -0.017803143709897995, -0.016836345195770264, -0.015869546681642532, -0.014902748167514801, -0.01393594965338707, -0.012969151139259338, -0.012002352625131607, -0.011035554111003876, -0.010068755596876144, -0.009101957082748413, -0.008135158568620682, -0.0071683600544929504, -0.006201561540365219, -0.005234763026237488, -0.0042679645121097565, -0.003301165997982025, -0.002334367483854294, -0.0013675689697265625, -0.0004007704555988312, 0.0005660280585289001, 0.0015328265726566315, 0.002499625086784363, 0.003466423600912094, 0.0044332221150398254, 0.005400020629167557, 0.006366819143295288, 0.007333617657423019, 0.00830041617155075, 0.009267214685678482, 0.010234013199806213, 0.011200811713933945, 0.012167610228061676, 0.013134408742189407, 0.014101207256317139, 0.01506800577044487, 0.0160348042845726, 0.017001602798700333, 0.017968401312828064, 0.018935199826955795, 0.019901998341083527, 0.020868796855211258, 0.02183559536933899, 0.02280239388346672, 0.023769192397594452, 0.024735990911722183, 0.025702789425849915, 0.026669587939977646, 0.027636386454105377, 0.02860318496823311], "values": [1.0, 0.0, 0.0, 0.0, 0.0, 1.0, 0.0, 0.0, 0.0, 0.0, 0.0, 0.0, 0.0, 0.0, 0.0, 0.0, 0.0, 0.0, 0.0, 0.0, 0.0, 0.0, 0.0, 0.0, 0.0, 1.0, 0.0, 0.0, 0.0, 0.0, 1.0, 0.0, 1.0, 0.0, 1.0, 0.0, 0.0, 0.0, 0.0, 0.0, 0.0, 1.0, 0.0, 0.0, 0.0, 0.0, 0.0, 0.0, 0.0, 0.0, 0.0, 0.0, 1.0, 0.0, 0.0, 0.0, 0.0, 1.0, 0.0, 0.0, 0.0, 0.0, 0.0, 1.0], "_type": "histogram"}, "Test Accuracy": 94.29, "gradients/fc1.bias": {"bins": [-0.017398200929164886, -0.01690269447863102, -0.016407189890742302, -0.015911683440208435, -0.015416177920997143, -0.01492067240178585, -0.014425166882574558, -0.013929661363363266, -0.013434154912829399, -0.012938650324940681, -0.012443143874406815, -0.011947638355195522, -0.01145213283598423, -0.010956626385450363, -0.010461121797561646, -0.009965615347027779, -0.009470109827816486, -0.008974604308605194, -0.008479098789393902, -0.007983592338860035, -0.007488086819648743, -0.00699258130043745, -0.006497075781226158, -0.006001570262014866, -0.005506064742803574, -0.005010558292269707, -0.0045150527730584145, -0.004019547253847122, -0.00352404173463583, -0.0030285362154245377, -0.0025330297648906708, -0.0020375242456793785, -0.0015420187264680862, -0.0010465122759342194, -0.0005510076880455017, -5.550123751163483e-05, 0.0004400033503770828, 0.0009355098009109497, 0.0014310162514448166, 0.0019265208393335342, 0.002422027289867401, 0.0029175318777561188, 0.0034130383282899857, 0.0039085447788238525, 0.00440404936671257, 0.004899555817246437, 0.005395060405135155, 0.005890566855669022, 0.006386071443557739, 0.006881577894091606, 0.007377084344625473, 0.00787258893251419, 0.008368095383048058, 0.008863599970936775, 0.009359106421470642, 0.009854612872004509, 0.010350117459893227, 0.010845623910427094, 0.011341128498315811, 0.011836634948849678, 0.012332141399383545, 0.012827645987272263, 0.01332315243780613, 0.013818657025694847, 0.014314163476228714], "values": [1.0, 0.0, 0.0, 0.0, 0.0, 0.0, 0.0, 0.0, 0.0, 0.0, 0.0, 0.0, 1.0, 0.0, 3.0, 0.0, 0.0, 1.0, 1.0, 2.0, 3.0, 1.0, 0.0, 2.0, 3.0, 1.0, 0.0, 1.0, 1.0, 1.0, 5.0, 1.0, 0.0, 2.0, 6.0, 1.0, 0.0, 0.0, 1.0, 1.0, 1.0, 1.0, 2.0, 0.0, 0.0, 0.0, 0.0, 0.0, 0.0, 1.0, 0.0, 2.0, 2.0, 1.0, 0.0, 0.0, 0.0, 0.0, 0.0, 0.0, 0.0, 0.0, 0.0, 1.0], "_type": "histogram"}, "gradients/conv1.bias": {"bins": [-0.015580548904836178, -0.015230287797749043, -0.014880027621984482, -0.014529766514897346, -0.014179506339132786, -0.01382924523204565, -0.01347898505628109, -0.013128723949193954, -0.012778463773429394, -0.012428202666342258, -0.012077942490577698, -0.011727681383490562, -0.011377420276403427, -0.011027160100638866, -0.010676899924874306, -0.01032663881778717, -0.009976377710700035, -0.009626117534935474, -0.009275857359170914, -0.008925596252083778, -0.008575335144996643, -0.008225074969232082, -0.007874814793467522, -0.007524553686380386, -0.007174292579293251, -0.00682403240352869, -0.006473771296441555, -0.006123511120676994, -0.005773250013589859, -0.005422989837825298, -0.005072728730738163, -0.004722468554973602, -0.004372207447886467, -0.004021946340799332, -0.003671686165034771, -0.0033214250579476357, -0.002971164882183075, -0.0026209037750959396, -0.002270643599331379, -0.0019203824922442436, -0.001570122316479683, -0.0012198612093925476, -0.0008696010336279869, -0.0005193399265408516, -0.0001690797507762909, 0.0001811804249882698, 0.0005314415320754051, 0.0008817026391625404, 0.0012319637462496758, 0.001582224853336811, 0.0019324840977787971, 0.0022827452048659325, 0.0026330063119530678, 0.002983267419040203, 0.003333526663482189, 0.0036837877705693245, 0.00403404887765646, 0.004384309984743595, 0.004734569229185581, 0.0050848303362727165, 0.005435091443359852, 0.005785352550446987, 0.006135611794888973, 0.0064858729019761086, 0.006836134009063244], "values": [1.0, 0.0, 0.0, 0.0, 0.0, 1.0, 1.0, 0.0, 0.0, 0.0, 0.0, 0.0, 0.0, 0.0, 0.0, 0.0, 0.0, 0.0, 0.0, 0.0, 1.0, 0.0, 0.0, 0.0, 0.0, 0.0, 0.0, 0.0, 0.0, 1.0, 0.0, 0.0, 0.0, 0.0, 0.0, 0.0, 0.0, 0.0, 0.0, 0.0, 0.0, 0.0, 1.0, 1.0, 1.0, 0.0, 0.0, 0.0, 0.0, 0.0, 0.0, 0.0, 0.0, 1.0, 0.0, 0.0, 0.0, 0.0, 0.0, 0.0, 0.0, 0.0, 0.0, 1.0], "_type": "histogram"}, "_runtime": 64.92296147346497,