{"what i like": 99, "image": {"25%": 0.2643559741903351, "10%": 0.11067146539815526, "var": 0.08310034677991106, "mean": 0.5087496660673242, "min": 0.0018249466639304046, "max": 0.9994803984027016, "size": 784, "90%": 0.9021075553808657, "_type": "numpy.ndarray", "75%": 0.7631904922921848}, "what is next": 66, "_step": 0, "list of w i": {"format": "png", "width": 28, "count": 2, "height": 28, "captions": ["1", "2"], "_type": "images"}, "wandb image": {"path": "media/images/wandb image_0_9181f20f.png", "format": "png", "sha256": "9181f20f3548698df4205b747d0c56b8cd7668d5dfbaca4011a0f2c2a18205c3", "height": 28, "width": 28, "caption": "1", "_type": "image-file", "size": 880}, "_timestamp": 1578887975.7808213, "_runtime": 2.604128837585449}
