{"gradients/conv2.weight": {"bins": [-0.04071853309869766, -0.039055902510881424, -0.037393271923065186, -0.03573064133524895, -0.03406801074743271, -0.03240538015961647, -0.030742749571800232, -0.029080118983983994, -0.027417488396167755, -0.025754857808351517, -0.02409222535789013, -0.02242959477007389, -0.020766964182257652, -0.019104333594441414, -0.017441703006625175, -0.015779072418808937, -0.014116441830992699, -0.01245381124317646, -0.010791180655360222, -0.009128548204898834, -0.007465917617082596, -0.005803287029266357, -0.004140656441450119, -0.0024780258536338806, -0.0008153952658176422, 0.0008472353219985962, 0.0025098659098148346, 0.004172496497631073, 0.005835127085447311, 0.00749775767326355, 0.009160388261079788, 0.010823018848896027, 0.012485649436712265, 0.014148280024528503, 0.015810910612344742, 0.01747354120016098, 0.01913617178797722, 0.020798802375793457, 0.022461436688899994, 0.024124063551425934, 0.02578669786453247, 0.02744932472705841, 0.029111959040164948, 0.030774585902690887, 0.032437220215797424, 0.034099847078323364, 0.0357624813914299, 0.03742510825395584, 0.03908774256706238, 0.04075036942958832, 0.042413003742694855, 0.044075630605220795, 0.04573826491832733, 0.04740089178085327, 0.04906352609395981, 0.05072615295648575, 0.052388787269592285, 0.054051414132118225, 0.05571404844522476, 0.0573766753077507, 0.05903930962085724, 0.06070193648338318, 0.062364570796489716, 0.06402719765901566, 0.06568983197212219], "_type": "histogram", "values": [2.0, 0.0, 0.0, 1.0, 2.0, 2.0, 4.0, 6.0, 9.0, 7.0, 13.0, 12.0, 28.0, 21.0, 20.0, 34.0, 32.0, 42.0, 68.0, 85.0, 119.0, 177.0, 283.0, 463.0, 2234.0, 437.0, 283.0, 145.0, 109.0, 72.0, 60.0, 33.0, 44.0, 31.0, 34.0, 14.0, 10.0, 14.0, 7.0, 6.0, 10.0, 9.0, 2.0, 1.0, 3.0, 2.0, 3.0, 1.0, 0.0, 2.0, 2.0, 0.0, 0.0, 0.0, 0.0, 1.0, 0.0, 0.0, 0.0, 0.0, 0.0, 0.0, 0.0, 1.0]}, "gradients/fc2.weight": {"bins": [-0.22404198348522186, -0.21758194267749786, -0.21112190186977386, -0.20466184616088867, -0.19820180535316467, -0.19174176454544067, -0.18528172373771667, -0.17882168292999268, -0.17236162722110748, -0.16590158641338348, -0.15944154560565948, -0.1529814898967743, -0.1465214490890503, -0.1400614082813263, -0.1336013674736023, -0.1271413266658783, -0.1206812784075737, -0.1142212375998497, -0.1077611893415451, -0.1013011485338211, -0.0948411077260971, -0.08838105201721191, -0.08192101120948792, -0.07546097040176392, -0.06900092959403992, -0.06254088878631592, -0.056080833077430725, -0.049620792269706726, -0.04316075146198273, -0.03670071065425873, -0.030240654945373535, -0.023780614137649536, -0.017320573329925537, -0.010860532522201538, -0.004400491714477539, 0.002059563994407654, 0.008519604802131653, 0.014979645609855652, 0.02143968641757965, 0.02789972722530365, 0.03435976803302765, 0.04081980884075165, 0.047279879450798035, 0.053739920258522034, 0.06019996106624603, 0.06666000187397003, 0.07312004268169403, 0.07958008348941803, 0.08604012429714203, 0.09250016510486603, 0.09896020591259003, 0.10542027652263641, 0.11188031733036041, 0.11834035813808441, 0.12480039894580841, 0.1312604397535324, 0.1377204805612564, 0.1441805213689804, 0.1506405621767044, 0.1571006029844284, 0.1635606735944748, 0.1700207144021988, 0.1764807552099228, 0.1829407960176468, 0.1894008368253708], "_type": "histogram", "values": [1.0, 0.0, 0.0, 0.0, 0.0, 0.0, 0.0, 0.0, 0.0, 1.0, 0.0, 0.0, 0.0, 0.0, 1.0, 0.0, 0.0, 0.0, 0.0, 0.0, 0.0, 0.0, 0.0, 0.0, 1.0, 2.0, 1.0, 1.0, 2.0, 2.0, 3.0, 3.0, 5.0, 12.0, 411.0, 26.0, 5.0, 7.0, 3.0, 4.0, 2.0, 1.0, 0.0, 0.0, 1.0, 1.0, 0.0, 0.0, 1.0, 0.0, 1.0, 0.0, 0.0, 0.0, 1.0, 0.0, 0.0, 0.0, 0.0, 0.0, 0.0, 0.0, 0.0, 1.0]}, "_step": 9, "Test Accuracy": 98.38, "gradients/conv1.bias": {"bins": [-0.043410252779722214, -0.04219586029648781, -0.0409814678132534, -0.039767075330019, -0.03855268284678459, -0.037338290363550186, -0.03612389788031578, -0.03490950167179108, -0.03369510918855667, -0.032480716705322266, -0.03126632422208786, -0.030051931738853455, -0.02883753925561905, -0.027623146772384644, -0.026408754289150238, -0.025194361805915833, -0.023979969322681427, -0.02276557683944702, -0.021551184356212616, -0.02033679187297821, -0.019122399389743805, -0.01790800504386425, -0.016693612560629845, -0.01547922007739544, -0.014264827594161034, -0.013050435110926628, -0.011836040765047073, -0.010621648281812668, -0.009407255798578262, -0.008192863315343857, -0.006978470832109451, -0.005764078348875046, -0.00454968586564064, -0.0033352933824062347, -0.0021209008991718292, -0.0009065084159374237, 0.0003078840672969818, 0.0015222765505313873, 0.002736669033765793, 0.003951061517000198, 0.005165454000234604, 0.006379850208759308, 0.007594242691993713, 0.008808635175228119, 0.010023027658462524, 0.01123742014169693, 0.012451812624931335, 0.013666205108165741, 0.014880597591400146, 0.016094990074634552, 0.017309382557868958, 0.018523775041103363, 0.019738171249628067, 0.020952563732862473, 0.022166956216096878, 0.023381348699331284, 0.02459574118256569, 0.025810133665800095, 0.0270245261490345, 0.028238918632268906, 0.02945331111550331, 0.030667703598737717, 0.03188209608197212, 0.03309648856520653, 0.03431088104844093], "_type": "histogram", "values": [1.0, 0.0, 0.0, 0.0, 0.0, 0.0, 0.0, 0.0, 0.0, 0.0, 0.0, 0.0, 0.0, 0.0, 0.0, 0.0, 1.0, 0.0, 0.0, 0.0, 0.0, 1.0, 0.0, 1.0, 0.0, 0.0, 0.0, 0.0, 0.0, 0.0, 0.0, 0.0, 0.0, 0.0, 0.0, 1.0, 0.0, 1.0, 0.0, 0.0, 0.0, 0.0, 0.0, 0.0, 0.0, 0.0, 0.0, 1.0, 0.0, 0.0, 0.0, 1.0, 0.0, 0.0, 1.0, 0.0, 0.0, 0.0, 0.0, 0.0, 0.0, 0.0, 0.0, 1.0]}, "gradients/conv1.weight": {"bins": [-0.09352471679449081, -0.09095174074172974, -0.08837877213954926, -0.08580579608678818, -0.0832328200340271, -0.08065985143184662, -0.07808687537908554, -0.07551389932632446, -0.07294093072414398, -0.0703679546713829, -0.06779497861862183, -0.06522201001644135, -0.06264903396368027, -0.06007606163620949, -0.05750308930873871, -0.05493011325597763, -0.05235714092850685, -0.04978416860103607, -0.047211192548274994, -0.044638220220804214, -0.042065247893333435, -0.03949227184057236, -0.03691929951310158, -0.0343463271856308, -0.03177335113286972, -0.02920038253068924, -0.02662740647792816, -0.024054430425167084, -0.021481461822986603, -0.018908485770225525, -0.016335509717464447, -0.013762541115283966, -0.011189565062522888, -0.00861658900976181, -0.006043620407581329, -0.0034706443548202515, -0.0008976683020591736, 0.0016753003001213074, 0.004248276352882385, 0.006821252405643463, 0.009394221007823944, 0.011967197060585022, 0.0145401731133461, 0.01711314171552658, 0.01968611776828766, 0.022259093821048737, 0.024832062423229218, 0.027405038475990295, 0.029978014528751373, 0.032550983130931854, 0.035123951733112335, 0.03769693523645401, 0.04026990383863449, 0.04284287244081497, 0.04541585594415665, 0.04798882454633713, 0.05056179314851761, 0.05313477665185928, 0.055707745254039764, 0.058280713856220245, 0.06085369735956192, 0.0634266659617424, 0.06599963456392288, 0.06857261806726456, 0.07114558666944504], "_type": "histogram", "values": [1.0, 0.0, 0.0, 1.0, 0.0, 0.0, 0.0, 0.0, 0.0, 0.0, 0.0, 3.0, 1.0, 0.0, 3.0, 0.0, 1.0, 0.0, 1.0, 1.0, 1.0, 2.0, 0.0, 2.0, 5.0, 1.0, 3.0, 4.0, 5.0, 5.0, 6.0, 10.0, 9.0, 14.0, 16.0, 9.0, 16.0, 8.0, 12.0, 16.0, 11.0, 12.0, 13.0, 9.0, 11.0, 3.0, 6.0, 2.0, 5.0, 4.0, 4.0, 2.0, 0.0, 1.0, 0.0, 1.0, 2.0, 2.0, 1.0, 1.0, 2.0, 0.0, 0.0, 2.0]}, "Test Loss": 0.05616678352355957,