{"image": {"_type": "numpy.ndarray", "var": 0.08169959071981077, "10%": 0.10686789916903769, "25%": 0.24041545413341556, "90%": 0.8998783388030676, "min": 0.0010036547926454142, "mean": 0.4920213395506968, "size": 784, "max": 0.9974288805449021, "75%": 0.7400336543634668}, "what is next": 66, "_timestamp": 1578887367.2658303, "wandb image": {"_type": "image-file", "caption": "1", "sha256": "d2a6876a9eec7551654e01aa121947e5d4c14d5edc07fa04de8d332a0d9ae43a", "format": "png", "height": 28, "size": 880, "width": 28, "path": "media/images/wandb image_0_d2a6876a.png"}, "list of w i": {"_type": "images", "count": 1, "format": "png", "height": 28, "captions": ["1"], "width": 28}, "_runtime": 2.631946325302124, "_step": 0, "what i like": 99}
