{"_step": 0, "what is next": 66, "_runtime": 2.5423550605773926, "_timestamp": 1578887269.8276498, "what i like": 99}
