iter	AUC
0	0.8029631501
1	0.8140553564
2	0.8184931443
3	0.82083489
4	0.8226408618
