{"list of w i": {"height": 28, "count": 2, "width": 28, "format": "png", "_type": "images", "captions": ["1", "2"]}, "what is next": 0.8912261128425598, "wandb image": {"path": "media/images/wandb image_0_9ffefbce.png", "_type": "image-file", "sha256": "9ffefbcea646d5ec945cb54ee8e175ce1dae5381ac9d091ad58cd5833bcef5f8", "format": "png", "size": 880, "width": 28, "caption": "1", "height": 28}, "_step": 0, "what i like": 99, "image": {"mean": 0.49397898054804795, "75%": 0.759281783203577, "90%": 0.8947071210647419, "max": 0.9973287001552679, "size": 784, "25%": 0.2498766170638834, "min": 0.0006779652814811188, "var": 0.08319889083253824, "10%": 0.09745201944252344, "_type": "numpy.ndarray"}, "_runtime": 2.6546456813812256, "_timestamp": 1578889221.5258737}
