{"list of w i": {"format": "png", "width": 28, "height": 28, "_type": "images", "captions": ["1", "2"], "count": 2}, "_runtime": 2.8666224479675293, "_step": 0, "what i like": 99, "image": {"75%": 0.7543311018156326, "var": 0.08505443072629257, "max": 0.999879791714189, "90%": 0.9054354029761778, "25%": 0.2549700637818725, "_type": "numpy.ndarray", "min": 0.0008737875905145964, "10%": 0.08901734970934208, "size": 784, "mean": 0.49841255480004565}, "wandb image": {"path": "media/images/wandb image_0_90aa5bf8.png", "sha256": "90aa5bf82af218f67271e0ac6f0fbca28b66a64a0d90c02cc0bbd0f6614702ae", "width": 28, "height": 28, "_type": "image-file", "format": "png", "size": 880, "caption": "1"}, "_timestamp": 1578888099.5003607, "what is next": 66}
