{"graph_0": {"format": "torch", "edges": [], "_type": "graph", "nodes": [{"id": 140314068808144, "name": "conv1", "num_parameters": [1, 1], "parameters": [["weight", [1, 1, 1, 1]], ["bias", [1]]], "class_name": "Conv2d(1, 1, kernel_size=(1, 1), stride=(1, 1))", "output_shape": [[1, 1, 28, 28]]}, {"id": 140314106757584, "name": "conv2", "num_parameters": [1, 1], "parameters": [["weight", [1, 1, 1, 1]], ["bias", [1]]], "class_name": "Conv2d(1, 1, kernel_size=(1, 1), stride=(1, 1))", "output_shape": [[1, 1, 28, 28]]}]}, "_timestamp": 1578889080.9882677, "_step": 0, "what i like": 99, "_runtime": 2.6813504695892334, "what is next": {"max": 0.4446900486946106, "10%": -0.1049709677696228, "min": -0.168340265750885, "var": 0.03032647632062435, "90%": 0.3729548335075379, "_type": "torch.Tensor", "25%": -0.01911810040473938, "mean": 0.1351235806941986, "size": 784, "75%": 0.28488054871559143}, "list of w i": {"count": 2, "_type": "images", "captions": ["1", "2"], "format": "png", "height": 28, "width": 28}, "image": {"max": 0.9985181224510477, "10%": 0.10410377674139779, "min": 0.0009885819495341064, "var": 0.08029889012059926, "90%": 0.8817897754817741, "_type": "numpy.ndarray", "25%": 0.24380443832651907, "mean": 0.49478817700643424, "size": 784, "75%": 0.7384743974554987}, "wandb image": {"sha256": "8cd808b52db2fbf9d1ab90e9d20cb31bb70b87e3d0ac02a91c79158435db3a76", "format": "png", "_type": "image-file", "caption": "1", "height": 28, "size": 880, "path": "media/images/wandb image_0_8cd808b5.png", "width": 28}}
