iter	AUC
0	0.7927717601
1	0.8024892189
2	0.806919681
3	0.8099397599
4	0.8124615059
