{"what is next": 5, "_timestamp": 1578889191.400382, "_step": 0, "what i like": 99, "wandb image": {"sha256": "fbcdacc684124cf74f3e6a35061bb2e8629d99b03b15e2371d4c1239252a1f63", "height": 28, "format": "png", "caption": "1", "_type": "image-file", "size": 880, "path": "media/images/wandb image_0_fbcdacc6.png", "width": 28}, "image": {"mean": 0.5080002203414882, "max": 0.9990173494695223, "min": 0.0005232180012726406, "90%": 0.9057386594639476, "_type": "numpy.ndarray", "75%": 0.7483748614627236, "var": 0.08121608705274697, "25%": 0.2604379965324497, "size": 784, "10%": 0.11281040302738067}, "list of w i": {"captions": ["1", "2"], "height": 28, "format": "png", "_type": "images", "width": 28, "count": 2}, "_runtime": 2.6797358989715576}
