iter	AUC
0	0.7191439575
1	0.7268656055
2	0.7288161599
