{"train loss": 3.4350824200261156, "_timestamp": 1579805941.1585891, "valid loss": 5.85534351636605, "_runtime": 1095.162636756897, "_step": 22}
