{"what is next": {"75%": 1.449238270521164, "max": 1.6077067852020264, "10%": 1.0735774636268616, "90%": 1.5382021903991698, "var": 0.029178638011217117, "min": 1.013635277748108, "25%": 1.1553598046302795, "size": 784, "mean": 1.3050875663757324, "_type": "torch.Tensor"}, "_timestamp": 1578889136.83804, "image": {"75%": 0.7600908277749728, "max": 0.9980681952763543, "10%": 0.1172396522839757, "90%": 0.897415970596815, "var": 0.0822708607854342, "min": 0.000530659001566125, "25%": 0.26662355313248987, "size": 784, "mean": 0.5086748379831539, "_type": "numpy.ndarray"}, "_runtime": 2.701709508895874, "wandb image": {"height": 28, "width": 28, "caption": "1", "format": "png", "path": "media/images/wandb image_0_0c3d858b.png", "size": 880, "sha256": "0c3d858bd2b423ef093bbf60bc4b5e166ccb0bb50c9e0ae43b6e47bb5c986e29", "_type": "image-file"}, "what i like": 99, "list of w i": {"height": 28, "width": 28, "format": "png", "count": 2, "captions": ["1", "2"], "_type": "images"}, "_step": 0}
