{"image": {"25%": 0.22505430276124105, "min": 0.0005429951836658509, "max": 0.9998513386781142, "_type": "numpy.ndarray", "90%": 0.9057090143906676, "10%": 0.0762541242397406, "mean": 0.48611371216460786, "size": 784, "var": 0.08738030591755484, "75%": 0.7382376551583533}, "what i like": 99, "_runtime": 2.5311708450317383, "wandb image": {"caption": "1", "size": 880, "width": 28, "path": "media/images/wandb image_0_c581aa97.png", "_type": "image-file", "height": 28, "format": "png", "sha256": "c581aa97669b44160d6b998ffe1949be5e3949700df84ad32d87bfb466cc5efb"}, "_timestamp": 1578887474.9954255, "_step": 0, "list of w i": {"width": 28, "captions": ["1", "2"], "_type": "images", "height": 28, "format": "png", "count": 2}, "what is next": 66}
