{"gradients/fc1.bias": {"values": [1.0, 0.0, 0.0, 0.0, 1.0, 1.0, 1.0, 1.0, 0.0, 0.0, 1.0, 0.0, 0.0, 1.0, 1.0, 1.0, 1.0, 1.0, 1.0, 1.0, 1.0, 2.0, 2.0, 1.0, 1.0, 3.0, 3.0, 3.0, 4.0, 2.0, 1.0, 2.0, 0.0, 0.0, 1.0, 0.0, 0.0, 2.0, 1.0, 1.0, 2.0, 0.0, 0.0, 0.0, 0.0, 0.0, 0.0, 2.0, 0.0, 0.0, 1.0, 0.0, 0.0, 0.0, 0.0, 0.0, 0.0, 0.0, 0.0, 0.0, 0.0, 0.0, 0.0, 2.0], "bins": [-0.010638881474733353, -0.010265003889799118, -0.009891126304864883, -0.009517248719930649, -0.00914337020367384, -0.008769492618739605, -0.00839561503380537, -0.008021737448871136, -0.007647859398275614, -0.007273981347680092, -0.006900103762745857, -0.006526226177811623, -0.006152348592877388, -0.005778470542281866, -0.0054045929573476315, -0.0050307149067521095, -0.004656837321817875, -0.00428295973688364, -0.003909081686288118, -0.0035352041013538837, -0.003161326050758362, -0.002787448465824127, -0.0024135708808898926, -0.002039693295955658, -0.0016658157110214233, -0.001291937194764614, -0.0009180596098303795, -0.0005441820248961449, -0.00017030443996191025, 0.00020357314497232437, 0.0005774516612291336, 0.0009513292461633682, 0.0013252068310976028, 0.0016990844160318375, 0.002072962000966072, 0.0024468405172228813, 0.002820718102157116, 0.0031945956870913506, 0.003568473272025585, 0.00394235085695982, 0.004316229373216629, 0.004690106958150864, 0.005063984543085098, 0.005437862128019333, 0.0058117397129535675, 0.006185617297887802, 0.006559494882822037, 0.006933372467756271, 0.007307250052690506, 0.00768112950026989, 0.008055007085204124, 0.008428884670138359, 0.008802762255072594, 0.009176639840006828, 0.009550517424941063, 0.009924395009875298, 0.010298272594809532, 0.010672150179743767, 0.011046027764678001, 0.011419907212257385, 0.01179378479719162, 0.012167662382125854, 0.012541539967060089, 0.012915417551994324, 0.013289295136928558], "_type": "histogram"}, "_runtime": 64.47370886802673, "gradients/conv2.bias": {"values": [1.0, 0.0, 0.0, 1.0, 0.0, 0.0, 0.0, 0.0, 0.0, 0.0, 0.0, 0.0, 0.0, 0.0, 0.0, 0.0, 0.0, 0.0, 1.0, 3.0, 0.0, 1.0, 0.0, 1.0, 0.0, 0.0, 1.0, 0.0, 1.0, 0.0, 0.0, 0.0, 1.0, 1.0, 1.0, 0.0, 0.0, 0.0, 1.0, 1.0, 0.0, 0.0, 0.0, 0.0, 0.0, 0.0, 0.0, 2.0, 0.0, 0.0, 0.0, 1.0, 0.0, 1.0, 0.0, 0.0, 0.0, 0.0, 0.0, 0.0, 0.0, 0.0, 0.0, 1.0], "bins": [-0.01317000761628151, -0.01277951616793871, -0.012389024719595909, -0.011998533271253109, -0.011608041822910309, -0.011217550374567509, -0.010827058926224709, -0.010436567477881908, -0.010046076029539108, -0.009655584581196308, -0.009265093132853508, -0.008874601684510708, -0.008484110236167908, -0.008093618787825108, -0.0077031273394823074, -0.007312635891139507, -0.006922144442796707, -0.006531652994453907, -0.006141161546111107, -0.005750670097768307, -0.005360178649425507, -0.0049696872010827065, -0.004579195752739906, -0.004188704304397106, -0.003798212856054306, -0.003407721407711506, -0.0030172299593687057, -0.0026267385110259056, -0.0022362470626831055, -0.0018457556143403053, -0.0014552641659975052, -0.001064772717654705, -0.0006742812693119049, -0.00028378982096910477, 0.00010670162737369537, 0.0004971930757164955, 0.0008876845240592957, 0.0012781759724020958, 0.001668667420744896, 0.002059158869087696, 0.002449650317430496, 0.002840142697095871, 0.0032306332141160965, 0.003621123731136322, 0.004011616110801697, 0.0044021084904670715, 0.004792599007487297, 0.005183089524507523, 0.005573581904172897, 0.005964074283838272, 0.006354564800858498, 0.006745055317878723, 0.007135547697544098, 0.007526040077209473, 0.007916530594229698, 0.008307021111249924, 0.008697513490915298, 0.009088005870580673, 0.009478496387600899, 0.009868986904621124, 0.010259479284286499, 0.010649971663951874, 0.0110404621809721, 0.011430952697992325, 0.0118214450776577], "_type": "histogram"}, "gradients/fc2.weight": {"values": [1.0, 1.0, 0.0, 0.0, 1.0, 0.0, 1.0, 0.0, 0.0, 1.0, 1.0, 0.0, 2.0, 1.0, 4.0, 0.0, 1.0, 7.0, 8.0, 6.0, 7.0, 20.0, 31.0, 302.0, 50.0, 18.0, 8.0, 10.0, 3.0, 2.0, 3.0, 2.0, 1.0, 1.0, 0.0, 1.0, 2.0, 1.0, 0.0, 0.0, 1.0, 0.0, 0.0, 0.0, 1.0, 0.0, 0.0, 0.0, 0.0, 0.0, 0.0, 0.0, 0.0, 0.0, 0.0, 0.0, 0.0, 0.0, 0.0, 0.0, 0.0, 0.0, 0.0, 1.0], "bins": [-0.2348436713218689, -0.22483009099960327, -0.21481649577617645, -0.20480290055274963, -0.194789320230484, -0.18477573990821838, -0.17476214468479156, -0.16474854946136475, -0.15473496913909912, -0.1447213888168335, -0.13470779359340668, -0.12469420582056046, -0.11468061804771423, -0.10466703772544861, -0.09465344250202179, -0.08463984727859497, -0.07462626695632935, -0.06461268663406372, -0.0545990914106369, -0.04458549618721008, -0.03457191586494446, -0.024558335542678833, -0.014544740319252014, -0.004531145095825195, 0.00548243522644043, 0.015496015548706055, 0.02550959587097168, 0.03552320599555969, 0.04553678631782532, 0.05555036664009094, 0.06556397676467896, 0.07557755708694458, 0.0855911374092102, 0.09560471773147583, 0.10561829805374146, 0.11563190817832947, 0.1256454885005951, 0.13565906882286072, 0.14567267894744873, 0.15568625926971436, 0.16569983959197998, 0.1757134199142456, 0.18572700023651123, 0.19574061036109924, 0.20575419068336487, 0.2157677710056305, 0.2257813811302185, 0.23579496145248413, 0.24580854177474976, 0.2558221220970154, 0.265835702419281, 0.27584928274154663, 0.28586286306381226, 0.29587650299072266, 0.3058900833129883, 0.3159036636352539, 0.32591724395751953, 0.33593082427978516, 0.3459444046020508, 0.3559579849243164, 0.3659716248512268, 0.37598520517349243, 0.38599878549575806, 0.3960123658180237, 0.4060259461402893], "_type": "histogram"}, "_timestamp": 1578883243.8398898, "_step": 9, "Examples": {"format": "png", "height": 28, "_type": "images", "count": 10, "captions": ["Pred: 5 Truth: 5", "Pred: 1 Truth: 1", "Pred: 9 Truth: 9", "Pred: 6 Truth: 6", "Pred: 9 Truth: 9", "Pred: 0 Truth: 0", "Pred: 8 Truth: 8", "Pred: 9 Truth: 9", "Pred: 7 Truth: 7", "Pred: 4 Truth: 4"], "width": 28}, "Test Accuracy": 98.35, "gradients/conv2.weight": {"values": [1.0, 0.0, 0.0, 0.0, 0.0, 0.0, 2.0, 0.0, 0.0, 3.0, 1.0, 2.0, 8.0, 4.0, 9.0, 8.0, 12.0, 17.0, 23.0, 14.0, 24.0, 21.0, 20.0, 23.0, 36.0, 36.0, 52.0, 73.0, 78.0, 90.0, 108.0, 140.0, 203.0, 289.0, 325.0, 344.0, 540.0, 696.0, 506.0, 357.0, 236.0, 170.0, 133.0, 75.0, 92.0, 48.0, 33.0, 33.0, 19.0, 26.0, 18.0, 16.0, 8.0, 7.0, 5.0, 3.0, 3.0, 5.0, 1.0, 0.0, 2.0, 0.0, 0.0, 2.0], "bins": [-0.12119265645742416, -0.11798123270273209, -0.1147698163986206, -0.11155839264392853, -0.10834697633981705, -0.10513555258512497, -0.10192413628101349, -0.09871271252632141, -0.09550128877162933, -0.09228987246751785, -0.08907845616340637, -0.0858670324087143, -0.08265560865402222, -0.07944418489933014, -0.07623276859521866, -0.07302135229110718, -0.0698099285364151, -0.06659850478172302, -0.06338708847761154, -0.06017566844820976, -0.05696424841880798, -0.053752824664115906, -0.050541408360004425, -0.04732998460531235, -0.04411856085062027, -0.04090714454650879, -0.03769572079181671, -0.03448430448770523, -0.03127288073301315, -0.028061464428901672, -0.024850040674209595, -0.021638624370098114, -0.018427200615406036, -0.015215776860713959, -0.012004360556602478, -0.0087929368019104, -0.00558152049779892, -0.002370096743106842, 0.0008413195610046387, 0.004052735865116119, 0.007264159619808197, 0.010475583374500275, 0.013687007129192352, 0.01689843088388443, 0.020109839737415314, 0.02332126349210739, 0.02653268724679947, 0.029744111001491547, 0.032955534756183624, 0.03616694360971451, 0.039378367364406586, 0.04258979111909866, 0.04580121487379074, 0.049012623727321625, 0.0522240474820137, 0.05543547123670578, 0.05864689499139786, 0.061858318746089935, 0.06506972759962082, 0.0682811513543129, 0.07149257510900497, 0.07470399886369705, 0.07791540771722794, 0.08112683147192001, 0.08433825522661209], "_type": "histogram"},