{"gradients/fc2.weight": {"values": [1.0, 0.0, 0.0, 1.0, 0.0, 0.0, 0.0, 0.0, 0.0, 0.0, 0.0, 0.0, 1.0, 0.0, 0.0, 1.0, 0.0, 0.0, 0.0, 0.0, 1.0, 2.0, 2.0, 2.0, 2.0, 3.0, 2.0, 4.0, 4.0, 12.0, 9.0, 360.0, 48.0, 10.0, 13.0, 5.0, 2.0, 3.0, 3.0, 2.0, 1.0, 1.0, 2.0, 0.0, 0.0, 0.0, 0.0, 0.0, 0.0, 0.0, 0.0, 1.0, 0.0, 0.0, 0.0, 0.0, 0.0, 0.0, 0.0, 1.0, 0.0, 0.0, 0.0, 1.0], "bins": [-0.23017928004264832, -0.22294026613235474, -0.21570125222206116, -0.20846222341060638, -0.2012232095003128, -0.19398419559001923, -0.18674516677856445, -0.17950615286827087, -0.1722671389579773, -0.16502812504768372, -0.15778911113739014, -0.15055008232593536, -0.14331106841564178, -0.1360720545053482, -0.12883302569389343, -0.12159401178359985, -0.11435499787330627, -0.1071159839630127, -0.09987697005271912, -0.09263794124126434, -0.08539892733097076, -0.07815991342067719, -0.07092088460922241, -0.06368187069892883, -0.056442856788635254, -0.049203842878341675, -0.041964828968048096, -0.03472580015659332, -0.027486786246299744, -0.020247772336006165, -0.013008743524551392, -0.0057697296142578125, 0.0014692842960357666, 0.008708298206329346, 0.015947312116622925, 0.023186326026916504, 0.030425339937210083, 0.03766438364982605, 0.04490339756011963, 0.05214241147041321, 0.05938142538070679, 0.06662043929100037, 0.07385945320129395, 0.08109846711158752, 0.08833751082420349, 0.09557652473449707, 0.10281553864479065, 0.11005455255508423, 0.11729356646537781, 0.12453258037567139, 0.13177159428596497, 0.13901060819625854, 0.14624962210655212, 0.1534886658191681, 0.16072767972946167, 0.16796669363975525, 0.17520570755004883, 0.1824447214603424, 0.189683735370636, 0.19692274928092957, 0.20416179299354553, 0.2114008069038391, 0.2186398208141327, 0.22587883472442627, 0.23311784863471985], "_type": "histogram"}, "Test Accuracy": 98.5, "gradients/conv1.bias": {"values": [1.0, 0.0, 0.0, 0.0, 0.0, 0.0, 0.0, 0.0, 0.0, 0.0, 0.0, 0.0, 0.0, 0.0, 0.0, 0.0, 0.0, 0.0, 0.0, 0.0, 0.0, 0.0, 0.0, 0.0, 0.0, 0.0, 0.0, 0.0, 1.0, 0.0, 0.0, 0.0, 0.0, 0.0, 0.0, 0.0, 0.0, 0.0, 0.0, 0.0, 0.0, 1.0, 0.0, 1.0, 0.0, 1.0, 1.0, 0.0, 0.0, 0.0, 0.0, 1.0, 0.0, 1.0, 1.0, 0.0, 0.0, 0.0, 0.0, 0.0, 0.0, 0.0, 0.0, 1.0], "bins": [-0.11821236461400986, -0.11477790027856827, -0.11134342849254608, -0.10790896415710449, -0.1044744923710823, -0.10104002803564072, -0.09760555624961853, -0.09417109191417694, -0.09073662757873535, -0.08730215579271317, -0.08386768400669098, -0.08043321967124939, -0.0769987553358078, -0.07356429100036621, -0.07012981921434402, -0.06669534742832184, -0.06326088309288025, -0.05982641503214836, -0.05639194697141647, -0.052957482635974884, -0.0495230108499527, -0.04608854651451111, -0.04265407472848892, -0.03921961039304733, -0.03578514605760574, -0.03235067427158356, -0.028916209936141968, -0.02548173815011978, -0.022047273814678192, -0.018612802028656006, -0.015178337693214417, -0.01174386590719223, -0.008309401571750641, -0.0048749372363090515, -0.0014404654502868652, 0.001993998885154724, 0.00542847067117691, 0.0088629350066185, 0.012297399342060089, 0.015731878578662872, 0.01916634291410446, 0.02260080724954605, 0.02603527158498764, 0.02946973592042923, 0.03290421515703201, 0.0363386794924736, 0.03977314382791519, 0.04320760816335678, 0.04664207249879837, 0.050076551735401154, 0.05351101607084274, 0.05694548040628433, 0.06037994474172592, 0.0638144239783287, 0.0672488883137703, 0.07068335264921188, 0.07411781698465347, 0.07755228132009506, 0.08098676055669785, 0.08442122489213943, 0.08785568922758102, 0.09129015356302261, 0.0947246327996254, 0.09815909713506699, 0.10159356147050858], "_type": "histogram"}, "Test Loss": 0.04980393409729004, "gradients/fc2.bias": {"values": [1.0, 0.0, 0.0, 0.0, 0.0, 0.0, 0.0, 0.0, 0.0, 0.0, 0.0, 0.0, 0.0, 0.0, 0.0, 0.0, 0.0, 0.0, 0.0, 1.0, 0.0, 0.0, 0.0, 0.0, 0.0, 0.0, 1.0, 0.0, 0.0, 1.0, 0.0, 0.0, 1.0, 0.0, 0.0, 0.0, 1.0, 0.0, 0.0, 0.0, 0.0, 1.0, 0.0, 0.0, 0.0, 0.0, 0.0, 1.0, 0.0, 0.0, 0.0, 0.0, 0.0, 0.0, 0.0, 1.0, 0.0, 0.0, 0.0, 0.0, 0.0, 0.0, 0.0, 1.0], "bins": [-0.018875818699598312, -0.018340665847063065, -0.017805512994527817, -0.017270362004637718, -0.01673520915210247, -0.016200056299567223, -0.015664903447031975, -0.015129751525819302, -0.014594599604606628, -0.01405944675207138, -0.013524293899536133, -0.01298914197832346, -0.012453989125788212, -0.011918837204575539, -0.01138368435204029, -0.010848532430827618, -0.01031337957829237, -0.009778226725757122, -0.009243074804544449, -0.008707921952009201, -0.008172770030796528, -0.00763761717826128, -0.007102465257048607, -0.006567312404513359, -0.006032159551978111, -0.005497007630765438, -0.00496185477823019, -0.004426702857017517, -0.0038915500044822693, -0.003356398083269596, -0.002821246162056923, -0.002286093309521675, -0.0017509404569864273, -0.0012157876044511795, -0.0006806347519159317, -0.00014548376202583313, 0.00038966909050941467, 0.0009248219430446625, 0.0014599747955799103, 0.001995125785470009, 0.0025302786380052567, 0.0030654314905405045, 0.0036005843430757523, 0.004135737195611, 0.004670888185501099, 0.0052060410380363464, 0.005741193890571594, 0.006276346743106842, 0.00681149959564209, 0.007346650585532188, 0.007881803438067436, 0.008416956290602684, 0.008952109143137932, 0.00948726013302803, 0.010022412985563278, 0.010557565838098526, 0.011092718690633774, 0.011627871543169022, 0.01216302253305912, 0.012698177248239517, 0.013233326375484467, 0.013768479228019714, 0.014303632080554962, 0.01483878493309021, 0.015373937785625458], "_type": "histogram"}, "gradients/conv2.weight": {"values": [1.0, 0.0, 0.0, 1.0, 0.0, 0.0, 0.0, 0.0, 2.0, 0.0, 1.0, 1.0, 2.0, 1.0, 3.0, 1.0, 3.0, 3.0, 1.0, 7.0, 3.0, 0.0, 4.0, 6.0, 7.0, 6.0, 6.0, 8.0, 8.0, 12.0, 22.0, 24.0, 18.0, 33.0, 44.0, 68.0, 133.0, 375.0, 3275.0, 487.0, 145.0, 69.0, 50.0, 33.0, 27.0, 24.0, 12.0, 11.0, 12.0, 6.0, 8.0, 6.0, 7.0, 3.0, 4.0, 4.0, 2.0, 1.0, 2.0, 2.0, 0.0, 2.0, 3.0, 1.0], "bins": [-0.1932123601436615, -0.18821744620800018, -0.18322251737117767, -0.17822760343551636, -0.17323267459869385, -0.16823776066303253, -0.16324284672737122, -0.1582479178905487, -0.1532530039548874, -0.14825809001922607, -0.14326316118240356, -0.13826824724674225, -0.13327333331108093, -0.12827840447425842, -0.1232834905385971, -0.1182885691523552, -0.11329364776611328, -0.10829872637987137, -0.10330380499362946, -0.09830889105796814, -0.09331396967172623, -0.08831904828548431, -0.083324134349823, -0.07832921296358109, -0.07333429157733917, -0.06833937019109726, -0.06334444880485535, -0.05834953486919403, -0.053354620933532715, -0.048359692096710205, -0.04336477816104889, -0.03836984932422638, -0.033374935388565063, -0.028380021452903748, -0.023385092616081238, -0.018390178680419922, -0.013395249843597412, -0.008400335907936096, -0.0034054219722747803, 0.0015895068645477295, 0.006584420800209045, 0.011579334735870361, 0.01657426357269287, 0.021569177508354187, 0.026564091444015503, 0.03155902028083801, 0.03655393421649933, 0.04154886305332184, 0.046543776988983154, 0.05153869092464447, 0.05653361976146698, 0.061528533697128296, 0.0665234625339508, 0.07151836156845093, 0.07651329040527344, 0.08150821924209595, 0.08650311827659607, 0.09149804711341858, 0.09649297595024109, 0.1014879047870636, 0.10648280382156372, 0.11147773265838623, 0.11647266149520874, 0.12146756052970886, 0.12646248936653137], "_type": "histogram"}, "Examples": {"format": "png", "_type": "images", "height": 28, "captions": ["Pred: 5 Truth: 5", "Pred: 1 Truth: 1", "Pred: 5 Truth: 9", "Pred: 6 Truth: 6", "Pred: 9 Truth: 9", "Pred: 0 Truth: 0", "Pred: 8 Truth: 8", "Pred: 9 Truth: 9", "Pred: 7 Truth: 7", "Pred: 4 Truth: 4"], "count": 10, "width": 28}, "_step": 9,