{"_timestamp": 1578887686.4156337, "_step": 0, "what i like": 99, "_runtime": 2.708386182785034, "wandb image": {"width": 28, "sha256": "4c4b8d0701d395a7f654a5dbc12843652dbea9ddd33202edc81eb5d6dd70d8fc", "_type": "image-file", "format": "png", "size": 880, "caption": "1", "height": 28, "path": "media/images/wandb image_0_4c4b8d07.png"}, "list of w i": {"width": 28, "captions": ["1", "2"], "_type": "images", "format": "png", "count": 2, "height": 28}, "image": {"size": 784, "25%": 0.24716526281829637, "75%": 0.7428370242620077, "_type": "numpy.ndarray", "90%": 0.9027830346298017, "var": 0.08418917714759111, "min": 0.0003612929130608622, "10%": 0.09205892855377912, "mean": 0.5003435863376532, "max": 0.9994799888487597}, "what is next": 66}
