{"image": {"25%": 0.23961968569635347, "size": 784, "var": 0.0833351659279811, "75%": 0.7423682115047776, "90%": 0.8853681397081686, "mean": 0.49131004323494787, "10%": 0.10007112883514047, "max": 0.9999009699561144, "min": 0.0006258935931826581, "_type": "numpy.ndarray"}, "list of w i": {"height": 28, "captions": ["1", "2"], "format": "png", "width": 28, "count": 2, "_type": "images"}, "_timestamp": 1578888608.830044, "what i like": 99, "what is next": 66, "_runtime": 2.687498092651367, "_step": 0, "wandb image": {"size": 880, "format": "png", "height": 28, "sha256": "da8e3815647229ac56d6336cef69f8e365bfc5eb8a6628394b61f8a0dc40ce28", "width": 28, "path": "media/images/wandb image_0_da8e3815.png", "caption": "1", "_type": "image-file"}}
