iter	AUC
0	0.7241155225
1	0.7350893349
2	0.7384792278
3	0.7407097613
4	0.741581597
5	0.7427818771
6	0.7432490473
7	0.7439076522
8	0.7442932405
9	0.7449053194
