iter	AUC
0	0.7822943622
1	0.7950535652
2	0.7999487403
3	0.8033496231
4	0.8054209765
